เลขมาตรา,เนื้อหา / สาระสำคัญ
มาตรา 10 เงินประกันการทำงาน,"นายจ้างห้ามเรียกหรือรับหลักประกันการทำงานจากลูกจ้าง ไม่ว่าจะเป็นเงิน ทรัพย์สิน หรือการค้ำประกัน เว้นแต่งานนั้นเกี่ยวกับการดูแลเงินหรือทรัพย์สินของนายจ้างที่อาจก่อให้เกิดความเสียหายได้ โดยลักษณะงาน ประเภท มูลค่า และวิธีเก็บรักษาหลักประกันให้เป็นไปตามที่รัฐมนตรีกำหนด
หากนายจ้างได้เรียกหรือรับหลักประกันไว้ เมื่อเลิกจ้าง ลูกจ้างลาออก หรือสัญญาประกันสิ้นสุด นายจ้างต้องคืนหลักประกันพร้อมดอกเบี้ย (ถ้ามี) ให้แก่ลูกจ้างภายในเจ็ดวันนับแต่วันที่เหตุการณ์นั้นเกิดขึ้นแล้วแต่กรณี"
มาตรา 11/1 การเป็นนายจ้าง,"หากผู้ประกอบกิจการมอบหมายให้บุคคลใดจัดหาคนมาทำงาน ซึ่งไม่ใช่ธุรกิจจัดหางาน และงานนั้นเป็นส่วนหนึ่งของกระบวนการผลิต หรือธุรกิจที่อยู่ในความรับผิดชอบของผู้ประกอบกิจการ ไม่ว่าบุคคลนั้นจะควบคุมงานหรือเป็นผู้จ่ายค่าจ้างเองหรือไม่ก็ตาม ให้ถือว่าผู้ประกอบกิจการเป็นนายจ้างของคนที่มาทำงานนั้น
ผู้ประกอบกิจการต้องจัดให้ลูกจ้างรับเหมาค่าแรงได้รับสิทธิประโยชน์และสวัสดิการอย่างเป็นธรรม เช่นเดียวกับลูกจ้างที่จ้างโดยตรง โดยไม่เลือกปฏิบัติ"
มาตรา 15 จ้างงานเท่าเทียม,นายจ้างต้องปฏิบัติต่อลูกจ้างชายและหญิงอย่างเท่าเทียมกันในการจ้างงาน เว้นแต่งานนั้นมีลักษณะหรือสภาพที่ไม่อาจทำได้
มาตรา 16 คุกคามทางเพศ,ห้ามนายจ้าง หัวหน้างาน ผู้ควบคุมงาน หรือผู้ตรวจงาน ล่วงเกิน คุกคาม หรือก่อความเดือดร้อนรำคาญทางเพศต่อลูกจ้าง
มาตรา 17 สิ้นสุดสัญญาจ้าง,"สัญญาจ้างสิ้นสุดลงเมื่อครบกำหนดตามสัญญาโดยไม่ต้องบอกกล่าวล่วงหน้า
หากสัญญาจ้างไม่มีกำหนดเวลา นายจ้างหรือลูกจ้างเลิกสัญญาได้โดยบอกกล่าวล่วงหน้าเป็นหนังสือถึงหรือก่อนวันจ่ายค่าจ้างครั้งหนึ่ง เพื่อให้มีผลเลิกในวันจ่ายค่าจ้างครั้งถัดไป แต่ไม่เกินสามเดือน ทั้งนี้สัญญาจ้างทดลองงานถือเป็นสัญญาที่ไม่มีกำหนดเวลาด้วย
ในการบอกเลิกสัญญาตามวรรคสอง นายจ้างอาจจ่ายค่าจ้างแทนช่วงเวลาที่เหลือจนถึงวันที่เลิกสัญญามีผล และให้ลูกจ้างออกจากงานทันทีได้
การบอกกล่าวล่วงหน้าตามมาตรานี้ไม่ใช้กับการเลิกจ้างตามมาตรา 119 แห่งพระราชบัญญัตินี้ และมาตรา 583 แห่งประมวลกฎหมายแพ่งและพาณิชย์"
มาตรา 23 วัน เวลาการทำงาน,"นายจ้างต้องประกาศเวลาทำงานปกติ โดยกำหนดเวลาเริ่มและเลิกงานวันหนึ่งไม่เกิน 8 ชั่วโมง หากวันใดทำงานน้อยกว่า 8 ชั่วโมง นายจ้างและลูกจ้างอาจตกลงนำเวลาที่เหลือไปรวมกับวันอื่นได้ แต่ต้องไม่เกินวันละ 9 ชั่วโมง และรวมแล้วสัปดาห์ละไม่เกิน 48 ชั่วโมง เว้นแต่งานที่เสี่ยงอันตรายต่อสุขภาพและความปลอดภัย ต้องทำงานวันละไม่เกิน 7 ชั่วโมง และรวมแล้วสัปดาห์ละไม่เกิน 42 ชั่วโมง
หากตกลงนำเวลาที่เหลือไปรวมกับวันอื่นจนเกิน 8 ชั่วโมงต่อวัน นายจ้างต้องจ่ายค่าตอบแทนไม่น้อยกว่าหนึ่งเท่าครึ่งของค่าจ้างต่อชั่วโมงในวันทำงาน สำหรับลูกจ้างรายวันและรายชั่วโมง หรือไม่น้อยกว่าหนึ่งเท่าครึ่งของค่าจ้างต่อหน่วยผลงานในวันทำงาน สำหรับลูกจ้างที่ได้รับค่าจ้างตามผลงาน
กรณีนายจ้างไม่อาจกำหนดเวลาเริ่มและเลิกงานแต่ละวันได้เพราะลักษณะงาน ให้นายจ้างและลูกจ้างตกลงกำหนดเวลาทำงานไม่เกินวันละ 8 ชั่วโมง และรวมแล้วสัปดาห์ละไม่เกิน 48 ชั่วโมง"
มาตรา 24 ทำงานล่วงเวลา,"ห้ามนายจ้างให้ลูกจ้างทำงานล่วงเวลาในวันทำงาน เว้นแต่ลูกจ้างยินยอมเป็นครั้ง ๆ ไป
ถ้างานมีลักษณะต้องทำต่อเนื่องมิฉะนั้นจะเสียหาย เป็นงานฉุกเฉิน หรือเป็นงานที่กำหนดในกฎกระทรวง นายจ้างอาจให้ลูกจ้างทำงานล่วงเวลาได้เท่าที่จำเป็น"
มาตรา 27 เวลาพัก,"ในวันทำงาน นายจ้างต้องให้ลูกจ้างพักไม่น้อยกว่า 1 ชั่วโมง หลังจากทำงานไม่เกิน 5 ชั่วโมงติดต่อกัน แต่สามารถตกลงล่วงหน้าให้พักครั้งหนึ่งน้อยกว่า 1 ชั่วโมงได้ หากรวมแล้ววันหนึ่งไม่น้อยกว่า 1 ชั่วโมง
หากนายจ้างและลูกจ้างตกลงกำหนดเวลาพักต่างไปจากวรรคหนึ่ง และเป็นประโยชน์แก่ลูกจ้าง ให้ถือว่าข้อตกลงนั้นใช้ได้
เวลาพักไม่นับเป็นเวลาทำงาน เว้นแต่รวมแล้วเกิน 2 ชั่วโมง ให้นับส่วนที่เกินเป็นเวลาทำงานปกติ
หากมีการทำงานล่วงเวลาไม่น้อยกว่า 2 ชั่วโมงต่อจากเวลาปกติ นายจ้างต้องให้ลูกจ้างพักไม่น้อยกว่า 20 นาทีก่อนเริ่มงานล่วงเวลา
บทวรรคหนึ่งและวรรคสี่ ไม่ใช้บังคับเมื่อการทำงานต้องทำต่อเนื่องโดยลูกจ้างยินยอม หรือเป็นงานฉุกเฉิน"
มาตรา 28 วันหยุดประจำสัปดาห์,"นายจ้างต้องจัดให้ลูกจ้างมีวันหยุดประจำสัปดาห์ไม่น้อยกว่าสัปดาห์ละ 1 วัน โดยวันหยุดแต่ละครั้งห่างกันไม่เกิน 6 วัน และอาจตกลงล่วงหน้ากำหนดวันหยุดวันใดก็ได้
หากลูกจ้างทำงานโรงแรม งานขนส่ง งานป่า งานในที่ทุรกันดาร หรือ งานอื่นที่กฎกระทรวงกำหนด นายจ้างและลูกจ้างอาจตกลงสะสมวันหยุดและเลื่อนไปหยุดเมื่อใดก็ได้ แต่ต้องไม่เกิน 4 สัปดาห์ติดต่อกัน"
มาตรา 30 หยุดพักผ่อนประจำปี,"ลูกจ้างที่ทำงานครบ 1 ปี มีสิทธิหยุดพักผ่อนประจำปีไม่น้อยกว่า 6 วันทำงาน โดยนายจ้างกำหนดวันล่วงหน้า หรือตามตกลงกับลูกจ้าง
ในปีถัดไปอาจกำหนดวันหยุดให้มากกว่า 6 วันก็ได้
นายจ้างและลูกจ้างอาจตกลงล่วงหน้าให้นำวันหยุดพักผ่อนที่ยังไม่ได้ใช้สะสมและเลื่อนไปรวมกับปีต่อ ๆ ไปได้
สำหรับที่ทำงานยังไม่ครบ 1 ปี นายจ้างอาจกำหนดวันหยุดประจำปีให้ตามส่วนได้"
มาตรา 32 สิทธิลาป่วย,ลูกจ้างมีลาป่วยได้ตามที่ป่วยจริง หากลา 3 วันทำงานขึ้นไป นายจ้างอาจให้แสดงใบรับรองแพทย์ หากไม่สามารถแสดงได้ ให้ลูกจ้างชี้แจงต่อนายจ้าง
มาตรา 33 สิทธิลาทำหมัน,ลูกจ้างมีสิทธิลาเพื่อทำหมันได้และมีสิทธิลาเนื่องจากการทำหมันตามระยะเวลาที่แพทย์กำหนดและออกใบรับรอง
มาตรา 34 สิทธิลากิจ,ลูกจ้างมีสิทธิลาเพื่อกิจ ที่จำเป็นได้ปีละไม่น้อยกว่า 3 วันทำงาน
มาตรา 53 ค่าจ้างเท่าเทียม,นายจ้างต้องกำหนดค่าจ้าง ค่าล่วงเวลา ค่าทำงานในวันหยุด และค่าล่วงเวลาในวันหยุดให้แก่ลูกจ้างที่ทำงานลักษณะ คุณภาพ ปริมาณเท่ากัน เท่าเทียม ในอัตราเท่ากัน ไม่ว่าลูกจ้างจะเป็นชายหรือหญิง
มาตรา 61 ล่วงเวลา,เมื่อนายจ้างทำงานล่วงเวลาในวันทำงาน ต้องจ่ายค่าล่วงเวลาไม่น้อยกว่า 1 เท่าครึ่งของค่าจ้างต่อชั่วโมงในวันทำงาน หรือตามหน่วย
มาตรา 62 ค่าทำงานในวันหยุด,"เมื่อนายจ้างให้ลูกทำงานในวันหยุดตามมาตรา 28 มาตรา 29 หรือมาตรา 30 นายจ้างต้องจ่ายค่าทำงานในวันหยุด ดังนี้
(1) ลูกจ้างที่มีสิทธิได้รับค่าจ้างในวันหยุด ให้นายจ้างจ่ายเพิ่มจากค่าจ้างอีกไม่น้อยกว่าหนึ่งเท่าของค่าจ้างต่อชั่วโมงในวันทำงานหรือตามหน่วย
(2) ลูกจ้างที่ไม่มีสิทธิได้รับค่าจ้างในวันหยุด ให้นายจ้างจ่ายไม่น้อยกว่าสองเท่าของค่าจ้างต่อชั่วโมงในวันทำงานตามเวลาที่ทำ หรือตามหน่วย"
มาตรา 63 ค่าล่วงเวลาในวันหยุด,เมื่อนายจ้างให้ลูกจ้างทำงานล่วงเวลาในวันหยุด ต้องจ่ายค่าล่วงเวลาในวันหยุดไม่น้อยกว่าสามเท่าของค่าจ้างต่อชั่วโมงในวันทำงานตามเวลาที่ทำ หรือตามหน่วย
มาตรา 75 ค่าจ้างหยุดกิจการ,"เมื่อนายจ้างจำเป็นต้องหยุดกิจการทั้งหมดหรือบางส่วนชั่วคราว ด้วยเหตุสำคัญที่กระทบต่อการประกอบกิจการจนไม่สามารถดำเนินงานได้ตามปกติ และไม่ใช่เหตุสุดวิสัย นายจ้างต้องจ่ายค่าจ้างให้ลูกจ้างไม่น้อยกว่าร้อยละ 75 ของค่าจ้างในวันทำงานที่ลูกจ้างเคยได้รับ ก่อนการหยุดกิจการ ตลอดเวลาที่ลูกจ้างไม่ได้ทำงาน โดยจ่าย ณ สถานที่ตามมาตรา 55 และภายในกำหนดเวลาตามมาตรา 70 (1)
นายจ้างต้องแจ้งให้ลูกจ้างและพนักงานตรวจแรงงานทราบล่วงหน้าเป็นหนังสือ ไม่น้อยกว่า 3 วันทำการ ก่อนวันเริ่มหยุดกิจการตามวรรคหนึ่ง"
มาตรา 108 ข้อบังคับเกี่ยวกับการทำงาน,"นายจ้างที่มีลูกจ้างตั้งแต่ 10 คนขึ้นไป ต้องจัดทำข้อบังคับเกี่ยวกับการทำงานเป็นภาษาไทย โดยอย่างน้อยต้องมีรายละเอียดดังนี้
(1) วันทำงาน เวลาทำงานปกติ และเวลาพัก
(2) วันหยุดและหลักเกณฑ์การหยุด
(3) หลักเกณฑ์การทำงานล่วงเวลาและการทำงานในวันหยุด
(4) วันและสถานที่จ่ายค่าจ้าง ค่าล่วงเวลา ค่าทำงานในวันหยุด และค่าล่วงเวลาในวันหยุด
(5) วันลาและหลักเกณฑ์การลา
(6) วินัยและโทษทางวินัย
(7) การร้องทุกข์
(8) การเลิกจ้าง ค่าชดเชย และค่าชดเชยพิเศษ
นายจ้างต้องประกาศใช้ข้อบังคับภายใน 15 วันนับแต่วันที่มีลูกจ้างครบ 10 คนขึ้นไป และเก็บสำเนาไว้ ณ สถานประกอบกิจการหรือสำนักงานตลอดเวลา
ให้นายจ้างเผยแพร่และปิดประกาศข้อบังคับไว้ในที่ทำงาน หรือเพิ่มเติมโดยวิธีการทางอิเล็กทรอนิกส์ก็ได้ เพื่อให้ลูกจ้างทราบและเข้าถึงได้สะดวก"
มาตรา 116 พักงาน,"เมื่อนายจ้างสอบสวนลูกจ้างที่ถูกกล่าวหาว่ากระทำผิด ห้ามสั่งพักงานระหว่างสอบสวน เว้นแต่ข้อบังคับการทำงานหรือข้อตกลงสภาพการจ้างให้อำนาจไว้ โดยนายจ้างต้องมีคำสั่งพักงานเป็นหนังสือ ระบุความผิด และกำหนดระยะเวลาพักงานไม่เกิน 7 วัน พร้อมแจ้งให้ลูกจ้างทราบก่อนพักงาน
ระหว่างการพักงาน นายจ้างต้องจ่ายเงินให้ลูกจ้างตามอัตราที่กำหนดในข้อบังคับการทำงานหรือข้อตกลงสภาพการจ้าง โดยต้องไม่น้อยกว่าร้อยละ 50 ของค่าจ้างในวันทำงานที่ลูกจ้างได้รับก่อนถูกพักงาน"
มาตรา 117,เมื่อสอบสวนแล้วลูกจ้างไม่มีความผิด นายจ้างต้องจ่ายค่าจ้างให้เท่ากับค่าจ้างในวันทำงาน นับตั้งแต่วันที่ลูกจ้างถูกสั่งพักงานเป็นต้นไป โดยหักรวมเงินที่จ่ายตามมาตรา 116 และต้องจ่ายดอกเบี้ยร้อยละ 15 ต่อปีด้วย
มาตรา 118 ค่าชดเชยเลิกจ้าง,"เมื่อนายจ้างเลิกจ้าง ต้องจ่ายค่าชดเชยให้ลูกจ้าง ดังนี้
(1) ทำงาน 120 วัน ไม่ถึง 1 ปี จ่ายไม่น้อยกว่าค่าจ้างอัตราสุดท้าย 30 วัน หรือ 30 วันสุดท้ายสำหรับลูกจ้างที่รับค่าจ้างตามผลงาน
(2) ทำงาน 1 ปี ไม่ถึง 3 ปี ไม่น้อยกว่าค่าจ้างอัตราสุดท้าย 90 วัน
(3) ทำงาน 3 ปี ไม่ถึง 6 ปี จ่ายไม่น้อยกว่าค่าจ้างอัตราสุดท้าย 180 วัน
(4) ทำงาน 6 ปี ไม่ถึง 10 ปี จ่ายไม่น้อยกว่าค่าจ้างอัตราสุดท้าย 240 วัน
(5) ทำงาน 10 ปี ไม่ถึง 20 ปี จ่ายไม่น้อยกว่าค่าจ้างอัตราสุดท้าย 300 วัน
(6) ทำงาน 20 ปีขึ้นไป จ่ายไม่น้อยกว่าค่าจ้างอัตราสุดท้าย 400 วัน
การเลิกจ้าง คือ การที่นายจ้างไม่ให้ลูกจ้างทำงานต่อและไม่จ่ายค่าจ้างไม่ว่าจะสิ้นสุดสัญญาหรือเหตุใด หรือนายจ้างไม่สามารถดำเนินกิจการต่อไป
บทวรรคหนึ่งไม่ใช้กับลูกจ้างที่มีสัญญากำหนดเวลาแน่นอนและสิ้นสุดตามกำหนดนั้น
การจ้างที่มีกำหนดเวลาแน่นอนตามวรรคสามทำได้ในโครงการเฉพาะที่ไม่ใช่งานประจำของนายจ้าง ซึ่งมีระยะเวลาเริ่มและสิ้นสุดชัดเจน หรืองานที่เป็นครั้งคราวซึ่งกำหนดเสร็จสิ้นแน่นอน หรือเป็นงานตามฤดูกาลที่จ้างเฉพาะช่วงฤดูกาลนั้น และงานต้องแล้วเสร็จไม่เกิน 2 ปี โดยต้องทำสัญญาเป็นหนังสือตั้งแต่เริ่มจ้าง"
มาตรา 118/1 ค่าชดเชยเกษียณ,"การเกษียณตามที่ตกลง หรือตามนายจ้างกำหนด ถือเป็นการเลิกจ้างตามมาตรา 118 วรรคสอง
หากไม่มีการตกลงไว้ หรือเกิน 60 ปี ลูกจ้างมีอายุครบ 60 ปีขึ้นไปมีสิทธิแสดงเจตนาเกษียณอายุ โดยแจ้งต่อนายจ้างและให้มีผลเมื่อครบ 30 วันนับแต่วันแจ้ง นายจ้างต้องจ่ายค่าชดเชยให้ลูกจ้างตามมาตรา 118 วรรคหนึ่ง"
มาตรา 119 เลิกจ้างไม่ต้องจ่ายชดเชย,"นายจ้างไม่ต้องจ่ายค่าชดเชยเมื่อลูกจ้างถูกเลิกจ้างในกรณีดังต่อไปนี้
(1) ทุจริตต่อหน้าที่หรือกระทำความผิดอาญาโดยเจตนาต่อนายจ้าง
(2) จงใจทำให้นายจ้างเสียหาย
(3) ประมาทเลินเล่อจนทำให้นายจ้างเสียหายร้ายแรง
(4) ฝ่าฝืนข้อบังคับ ระเบียบ คำสั่งที่ชอบและเป็นธรรม และนายจ้างได้ตักเตือนเป็นหนังสือ เว้นแต่กรณีร้ายแรงไม่ต้องตักเตือน หนังสือเตือนมีผลไม่เกิน 1 ปีนับแต่วันที่กระทำผิด
(5) ละทิ้งงานติดต่อกัน 3 วันทำงาน โดยไม่มีเหตุสมควร
(6) ได้รับโทษจำคุกตามคำพิพากษาถึงที่สุด หากความผิดประมาทหรือเป็นลหุโทษ ต้องเป็นเหตุที่ทำให้นายจ้างเสียหายด้วย
หากนายจ้างไม่ระบุข้อเท็จจริงที่เป็นเหตุเลิกจ้างไว้ในหนังสือบอกเลิกสัญญา หรือไม่แจ้งเหตุเลิกจ้างให้ทราบขณะเลิกจ้าง จะยกเหตุนั้นขึ้นอ้างภายหลังไม่ได้"
มาตรา 120 ค่าชดเชยพิเศษแทนการบอกกล่าว,"เมื่อนายจ้างประสงค์จะย้ายสถานประกอบกิจการไปยังสถานที่ใหม่หรือสถานที่อื่น ต้องปิดประกาศแจ้งให้ลูกจ้างทราบล่วงหน้าในที่เปิดเผยไม่น้อยกว่า 30 วันก่อนการย้าย โดยประกาศต้องระบุชัดเจนว่าลูกจ้างใดต้องย้ายไปที่ใดและเมื่อใด
หากนายจ้างไม่ปิดประกาศตามวรรคหนึ่ง ต้องจ่ายค่าชดเชยพิเศษแทนการบอกกล่าวล่วงหน้าให้แก่ลูกจ้างที่ไม่ประสงค์ไปทำงาน ณ สถานที่ใหม่ ไม่น้อยกว่าค่าจ้างอัตราสุดท้าย 30 วัน หรือไม่น้อยกว่าค่าจ้างการทำงาน 30 วันสุดท้ายสำหรับลูกจ้างที่ได้รับค่าจ้างตามผลงาน
ลูกจ้างที่เห็นว่าการย้ายมีผลกระทบสำคัญต่อการดำรงชีวิตของตนหรือครอบครัว และไม่ประสงค์จะไปทำงาน ณ สถานที่ใหม่ ต้องแจ้งเป็นหนังสือให้นายจ้างทราบภายใน 30 วันนับแต่วันปิดประกาศ หรือวันย้ายจริงในกรณีที่ไม่มีการประกาศ และถือว่าสัญญาจ้างสิ้นสุดลงในวันที่ย้าย โดยลูกจ้างมีสิทธิค่าชดเชยพิเศษไม่น้อยกว่าที่กำหนดในมาตรา 118
นายจ้างต้องจ่ายค่าชดเชยพิเศษแทนการบอกกล่าวล่วงหน้าตามวรรคสอง หรือค่าชดเชยพิเศษตามวรรคสาม ภายใน 7 วันนับแต่สัญญาจ้างสิ้นสุด
หากนายจ้างไม่เห็นด้วยกับเหตุผลของลูกจ้างตามวรรคสาม สามารถยื่นคำร้องต่อคณะกรรมการสวัสดิการแรงงานภายใน 30 วันนับแต่วันที่ได้รับแจ้งเป็นหนังสือ"
มาตรา 13,"การเรียกร้องให้กำหนดหรือแก้ไขเพิ่มเติมข้อตกลงเกี่ยวกับสภาพการจ้าง นายจ้างหรือลูกจ้างต้องแจ้งข้อเรียกร้องเป็นหนังสือให้อีกฝ่ายทราบ
หากนายจ้างเป็นผู้แจ้ง ต้องระบุชื่อผู้เข้าร่วมเจรจา ซึ่งอาจเป็นตนเองหรือผู้แทน โดยผู้แทนต้องเป็นกรรมการ ผู้ถือหุ้น หุ้นส่วน ลูกจ้างประจำ กรรมการสมาคมนายจ้าง หรือกรรมการสหพันธ์นายจ้าง และมีจำนวนไม่เกิน 7 คน
หากลูกจ้างเป็นผู้แจ้ง ข้อเรียกร้องต้องมีรายชื่อและลายมือชื่อของลูกจ้างที่เกี่ยวข้องไม่น้อยกว่าร้อยละ 15 ของลูกจ้างทั้งหมด หากมีการเลือกตั้งผู้แทนแล้ว ต้องระบุชื่อผู้แทนไม่เกิน 7 คนพร้อมข้อเรียกร้อง หากยังไม่ได้เลือกตั้ง ให้เลือกตั้งผู้แทนโดยมิชักช้า และระบุชื่อผู้แทนไม่เกิน 7 คน
การเลือกตั้ง ระยะเวลาการเป็นผู้แทนลูกจ้าง การดำเนินการเกี่ยวกับข้อเรียกร้อง และการรับทราบคำชี้ขาด ให้เป็นไปตามหลักเกณฑ์และวิธีการที่กำหนดในกฎกระทรวง"
มาตรา 19,"ข้อตกลงเกี่ยวกับสภาพการจ้างมีผลผูกพันต่อนายจ้างและลูกจ้างที่ลงลายมือชื่อในข้อเรียกร้อง รวมถึงลูกจ้างที่มีส่วนในการเลือกตั้งผู้แทนเข้าร่วมเจรจาทุกคน
ข้อตกลงเกี่ยวกับสภาพการจ้างที่ทำโดยนายจ้างหรือสมาคมนายจ้างกับสหภาพแรงงาน หรือลูกจ้างที่ทำงานในกิจการประเภทเดียวกัน ซึ่งมีลูกจ้างร่วมเรียกร้องเกินกว่าสองในสามของลูกจ้างทั้งหมด ให้ถือว่าข้อตกลงดังกล่าวมีผลผูกพันต่อนายจ้างและลูกจ้างในกิจการประเภทเดียวกันทุกคน"
มาตรา 20,เมื่อข้อตกลงเกี่ยวกับสภาพการจ้างมีผลใช้บังคับ ห้ามนายจ้างทำสัญญาจ้างที่ขัดหรือแย้งกับข้อตกลง เว้นแต่สัญญานั้นเป็นประโยชน์แก่ลูกจ้างมากกว่า
มาตรา 21,หากไม่มีการเจรจาภายในกำหนดตามมาตรา 16 หรือเจรจาแล้วแต่ตกลงกันไม่ได้ ให้ถือว่าเกิดข้อพิพาทแรงงาน และฝ่ายแจ้งข้อเรียกร้องต้องแจ้งเป็นหนังสือให้พนักงานประนอมข้อพิพาทแรงงานทราบภายใน 24 ชั่วโมง นับแต่เวลาที่พ้นกำหนดตามมาตรา 16 หรือเวลาที่ตกลงกันไม่ได้ แล้วแต่กรณี
มาตรา 22,"เมื่อพนักงานประนอมข้อพิพาทแรงงานได้รับแจ้งตามมาตรา 21 แล้ว ต้องดำเนินการไกล่เกลี่ยให้ฝ่ายแจ้งข้อเรียกร้องและฝ่ายรับข้อเรียกร้องตกลงกันภายใน 5 วันนับแต่วันที่ได้รับหนังสือแจ้ง
ถ้าตกลงกันได้ภายในกำหนด ให้นำมาตรา 18 มาใช้โดยอนุโลม
หากไม่อาจตกลงกันได้ภายในกำหนด ให้ถือว่าเป็นข้อพิพาทแรงงานที่ตกลงกันไม่ได้ และนายจ้างกับลูกจ้างอาจตกลงตั้งผู้ชี้ขาดตามมาตรา 26 หรือนายจ้างจะปิดงานหรือลูกจ้างจะนัดหยุดงานได้ โดยไม่ขัดต่อมาตรา 34 แต่ต้องอยู่ภายใต้บังคับมาตรา 23 มาตรา 24 มาตรา 25 หรือมาตรา 36"
มาตรา 31,"เมื่อมีการแจ้งข้อเรียกร้องตามมาตรา 13 แล้ว หากข้อเรียกร้องยังอยู่ระหว่างการเจรจา ไกล่เกลี่ย หรือชี้ขาดข้อพิพาทแรงงานตามมาตรา 13 ถึงมาตรา 29 ห้ามนายจ้างเลิกจ้างหรือโยกย้ายหน้าที่ของลูกจ้าง ผู้แทนลูกจ้าง กรรมการ อนุกรรมการ หรือสมาชิกสหภาพแรงงาน รวมถึงกรรมการหรืออนุกรรมการสหพันธ์แรงงานที่เกี่ยวข้อง เว้นแต่บุคคลดังกล่าว
(1) ทุจริตต่อหน้าที่หรือกระทำความผิดอาญาโดยเจตนาต่อนายจ้าง
(2) จงใจทำให้นายจ้างเสียหาย
(3) ฝ่าฝืนข้อบังคับ ระเบียบ หรือคำสั่งอันชอบด้วยกฎหมายของนายจ้าง โดยนายจ้างได้ว่ากล่าวตักเตือนเป็นหนังสือ เว้นแต่กรณีร้ายแรงไม่จำต้องตักเตือน ทั้งนี้ ข้อบังคับ ระเบียบ หรือคำสั่งต้องไม่ออกเพื่อขัดขวางการดำเนินการเกี่ยวกับข้อเรียกร้อง
(4) ละทิ้งงานติดต่อกัน 3 วันทำงาน โดยไม่มีเหตุอันสมควร
ห้ามลูกจ้าง ผู้แทนลูกจ้าง กรรมการ อนุกรรมการ สมาชิกสหภาพแรงงาน หรือกรรมการและอนุกรรมการสหพันธ์แรงงานที่เกี่ยวข้อง สนับสนุนหรือก่อเหตุการนัดหยุดงาน"
มาตรา 121 ห้ามนายจ้าง,"(1) เลิกจ้างหรือกระทำการใดที่ทำให้ลูกจ้าง ผู้แทนลูกจ้าง กรรมการสหภาพแรงงาน หรือกรรมการสหพันธ์แรงงาน ไม่สามารถทนทำงานต่อไปได้ เพราะเหตุการชุมนุม ยื่นข้อเรียกร้อง เจรจา ฟ้องร้อง เป็นพยาน หรือให้หลักฐานต่อเจ้าหน้าที่ตามกฎหมายแรงงาน นายทะเบียน พนักงานประนอม ผู้ชี้ขาดข้อพิพาทแรงงาน กรรมการแรงงานสัมพันธ์ หรือศาลแรงงาน รวมทั้งการที่ลูกจ้างหรือสหภาพแรงงานกำลังจะกระทำการดังกล่าว
(2) เลิกจ้างหรือกระทำการใดที่ทำให้ลูกจ้างไม่สามารถทนทำงานต่อไปได้ เพราะเป็นสมาชิกสหภาพแรงงาน
(3) ขัดขวางการเป็นสมาชิก หรือบังคับให้ออกจากสมาชิกสหภาพแรงงาน รวมทั้งให้หรือตกลงจะให้เงินหรือทรัพย์สินแก่ลูกจ้างหรือเจ้าหน้าที่สหภาพแรงงาน เพื่อมิให้สมัครหรือให้ออกจากสมาชิก
(4) ขัดขวางการดำเนินงานของสหภาพแรงงานหรือสหพันธ์แรงงานหรือขัดขวางสิทธิของลูกจ้างในการเป็นสมาชิก
(5) เข้าแทรกแซงการดำเนินงานของสหภาพแรงงานหรือสหพันธ์แรงงานโดยไม่ชอบด้วยกฎหมาย"
มาตรา 122 ห้ามผู้ใด,"(1) บังคับหรือขู่เข็ญไม่ว่าทางตรงหรือทางอ้อมให้ลูกจ้างต้องเป็นหรือออกจากการเป็นสมาชิกสหภาพแรงงาน
(2) กระทำการใดที่อาจเป็นเหตุให้นายจ้างฝ่าฝืนมาตรา 121"
มาตรา 123,"ในระหว่างที่ข้อตกลงเกี่ยวกับสภาพการจ้างหรือคำชี้ขาดยังมีผลใช้บังคับ ห้ามนายจ้างเลิกจ้างลูกจ้าง ผู้แทนลูกจ้าง กรรมการ อนุกรรมการ หรือสมาชิกสหภาพแรงงาน รวมถึงกรรมการหรืออนุกรรมการสหพันธ์แรงงานที่เกี่ยวข้อง เว้นแต่บุคคลดังกล่าว
(1) ทุจริตต่อหน้าที่หรือกระทำความผิดอาญาโดยเจตนาต่อนายจ้าง
(2) จงใจทำให้นายจ้างเสียหาย
(3) ฝ่าฝืนข้อบังคับ ระเบียบ หรือคำสั่งอันชอบด้วยกฎหมายของนายจ้าง โดยได้รับการว่ากล่าวตักเตือนเป็นหนังสือแล้ว เว้นแต่กรณีร้ายแรงไม่จำเป็นต้องตักเตือน ทั้งนี้ ข้อบังคับ ระเบียบ หรือคำสั่งต้องไม่ออกเพื่อขัดขวางการดำเนินการเกี่ยวกับข้อเรียกร้อง
(4) ละทิ้งงานติดต่อกัน 3 วันทำงานโดยไม่มีเหตุผลสมควร
(5) ยุยง สนับสนุน หรือชักชวนให้ฝ่าฝืนข้อตกลงเกี่ยวกับสภาพการจ้างหรือคำชี้ขาด"
มาตรา 13,"เมื่อลูกจ้างประสบอันตรายหรือเจ็บป่วย นายจ้างต้องจัดให้ได้รับการรักษาพยาบาลทันทีตามความเหมาะสม และจ่ายค่ารักษาพยาบาลเท่าที่จ่ายจริงตามความจำเป็น ตามหลักเกณฑ์
นายจ้างต้องจ่ายค่ารักษาพยาบาลตามวรรคหนึ่งโดยไม่ชักช้าเมื่อได้รับแจ้งจากลูกจ้าง"
มาตรา 15,เมื่อลูกจ้างต้องฟื้นฟูสมรรถภาพการทำงานหลังประสบอันตรายหรือเจ็บป่วย นายจ้างต้องจ่ายค่าฟื้นฟูตามที่จ่ายจริงและจำเป็น
มาตรา 16,เมื่อลูกจ้างประสบอันตรายหรือเจ็บป่วยจนถึงแก่ความตายหรือสูญหาย นายจ้างต้องจ่ายค่าทำศพแก่ผู้จัดการศพ
มาตรา 18,"เมื่อลูกจ้างประสบอันตราย เจ็บป่วย หรือสูญหาย นายจ้างต้องจ่ายค่าทดแทนรายเดือนแก่ลูกจ้างหรือผู้มีสิทธิตามมาตรา 20 ดังนี้
(1) ร้อยละ 70 ของค่าจ้างรายเดือน กรณีไม่สามารถทำงานได้ จ่ายตั้งแต่วันแรกจนถึงหนึ่งปี
(2) ร้อยละ 70 ของค่าจ้างรายเดือน กรณีสูญเสียสมรรถภาพการทำงาน จ่ายตามระยะเวลาที่กระทรวงแรงงานกำหนด แต่ไม่เกิน 10 ปี
(3) ร้อยละ 70 ของค่าจ้างรายเดือน กรณีทุพพลภาพ จ่ายตามประเภทและระยะเวลาที่กำหนด ไม่น้อยกว่า 15 ปี
(4) ร้อยละ 70 ของค่าจ้างรายเดือน กรณีตายหรือสูญหาย จ่าย 10 ปี
ทุพพลภาพ คือ สูญเสียอวัยวะ สมรรถภาพร่างกาย หรือสภาวะจิตใจจนไม่สามารถทำงานตามปกติได้ ตามหลักเกณฑ์ที่เลขาธิการกำหนด โดยคำแนะนำของคณะกรรมการการแพทย์
หลักเกณฑ์การคำนวณค่าจ้างรายเดือนเป็นไปตามที่กระทรวงแรงงานกำหนด และค่าทดแทนต้องไม่น้อยกว่าค่าทดแทนขั้นต่ำ และไม่เกินอัตราสูงสุดที่กำหนด"
มาตรา 19,หากนายจ้างจ่ายค่าทดแทนตามมาตรา 18 (2) หรือ (3) และลูกจ้างเสียชีวิตในระหว่างที่ยังไม่ได้รับครบสิทธิ นายจ้างต้องจ่ายให้ผู้มีสิทธิตามมาตรา 20 ต่อไปจนสิทธิครบ แต่รวมระยะเวลาไม่เกิน 10 ปี
มาตรา 20,"เมื่อลูกจ้างเสียชีวิตหรือสูญหาย ผู้มีสิทธิได้รับเงินทดแทน ได้แก่
(1) บิดามารดา
(2) คู่สมรส
(3) บุตรอายุต่ำกว่า 18 ปี มีสิทธิถึงจบปริญญาตรี
(3/1) บุตรอายุ 18 ปีขึ้นไปที่กำลังศึกษาไม่เกินปริญญาตรี มีสิทธิถึงจบปริญญาตรี
(4) บุตรอายุ 18 ปีขึ้นไปที่ทุพพลภาพหรือจิตฟั่นเฟือนและอยู่ในอุปการะก่อนตายหรือสูญหาย
บุตรที่เกิดภายใน 310 วันนับแต่วันตายหรือสูญหาย มีสิทธิได้รับเงินทดแทนตั้งแต่วันคลอด หากไม่มีผู้มีสิทธิดังกล่าว ให้นายจ้างจ่ายแก่ผู้อยู่ในอุปการะก่อนตายหรือสูญหาย โดยต้องเป็นผู้ที่เดือดร้อนจากการขาดอุปการะนั้น"
มาตรา 22,"นายจ้างไม่ต้องจ่ายเงินทดแทน หากลูกจ้างประสบอันตรายหรือเจ็บป่วยเพราะ
(1) เสพสุราหรือสิ่งเสพติดจนขาดสติ
(2) จงใจทำร้ายตนเองหรือยอมให้ผู้อื่นทำร้าย"
มาตรา 23,ห้ามนายจ้างหักเงินทดแทนเพื่อการใด ๆ และเงินทดแทนไม่อยู่ในความรับผิดแห่งการบังคับคดี
มาตรา 8 เขตอำนาจศาล,"ศาลแรงงานมีอำนาจพิจารณาพิพากษาคดีหรือมีคำสั่งในเรื่องดังนี้
(1) คดีพิพาทเกี่ยวกับสัญญาจ้างแรงงานหรือข้อตกลงเกี่ยวกับสภาพการจ้าง
(2) คดีพิพาทคุ้มครองแรงงาน แรงงานสัมพันธ์ ประกันสังคม เงินทดแทน
(5) คดีละเมิดระหว่างนายจ้างกับลูกจ้างที่สืบเนื่องจากข้อพิพาทแรงงานหรือเกี่ยวกับการทำงาน รวมถึงคดีละเมิดระหว่างลูกจ้างกับลูกจ้างที่เกิดจากการทำงาน"
มาตรา 49 เลิกจ้างไม่เป็นธรรม,ในการพิจารณาคดีเลิกจ้าง หากศาลแรงงานเห็นว่าการเลิกจ้างไม่เป็นธรรม ศาลอาจสั่งให้นายจ้างรับลูกจ้างกลับเข้าทำงานต่อ โดยจ่ายค่าจ้างในอัตราที่ได้รับเมื่อถูกเลิกจ้าง หากเห็นว่านายจ้างและลูกจ้างไม่สามารถทำงานร่วมกันต่อไปได้ ศาลอาจกำหนดค่าเสียหายให้นายจ้างชดใช้แทน โดยคำนึงถึงอายุ ระยะเวลาทำงาน ความเดือดร้อน มูลเหตุการเลิกจ้าง และสิทธิค่าชดเชยของลูกจ้างประกอบการพิจารณา
